{
  "repository": {
    "code_url": "https://github.com/AndreAle94/moneywallet",
    "issue_url": "https://github.com/AndreAle94/moneywallet/issues",
    "donation_url": "https://github.com/AndreAle94/moneywallet#donations"
  },
  "other_info": [
    {
      "name_resource": "about_hint_author",
      "items": [
        {
          "icon": "ic_perm_identity_black_24dp",
          "title": "Andrea Alemani",
          "link": "https://github.com/AndreAle94"
        },{
          "icon": "ic_github_circle_black_24dp",
          "title_resource": "about_hint_fork",
          "link": "https://github.com/AndreAle94/moneywallet"
        }
      ]
    },{
      "name_resource": "about_hint_logo_designer",
      "items": [
        {
          "icon": "ic_perm_identity_black_24dp",
          "title": "Adam Lapinski"
        },{
          "icon": "ic_public_black_24dp",
          "title_resource": "about_hint_website",
          "link": "http://www.yeti-designs.com"
        }
      ]
    },{
      "name_resource": "about_hint_icon_licenses",
      "items": [
        {
          "icon": "ic_freepik_logo_24dp",
          "title": "Freepik",
          "subtitle_resource": "about_hint_icon_image_intro",
          "link": "https://www.freepik.com"
        },{
          "icon": "ic_material_design_icons_logo_24dp",
          "title": "Materialdesignicons.com",
          "subtitle_resource": "about_hint_md_icons",
          "link": "https://materialdesignicons.com"
        },{
          "icon": "ic_round_icons_logo_24dp",
          "title": "Round icons",
          "subtitle_resource": "about_hint_icon_pack",
          "link": "https://roundicons.com"
        }
      ]
    },{
      "name_resource": "about_hint_translators",
      "items": [
        {
          "icon": "ic_perm_identity_black_24dp",
          "title": "Andrea Alemani",
          "subtitle": "English, Italian"
        },{
          "icon": "ic_perm_identity_black_24dp",
          "title": "Denise Maiolino",
          "subtitle": "Italian"
        },{
          "icon": "ic_perm_identity_black_24dp",
          "title": "Bruno Mioto",
          "subtitle": "Portuguese (Brazil)"
        },{
          "icon": "ic_perm_identity_black_24dp",
          "title": "Анатолій Брощак",
          "subtitle": "Ukrainian"
        },{
          "icon": "ic_perm_identity_black_24dp",
          "title": "SophieZec",
          "subtitle": "Croatian"
        },{
          "icon": "ic_perm_identity_black_24dp",
          "title": "tim.stricker",
          "subtitle": "German"
        },{
          "icon": "ic_perm_identity_black_24dp",
          "title": "Michał Suchanski",
          "subtitle": "Polish"
        },{
          "icon": "ic_perm_identity_black_24dp",
          "title": "telardil",
          "subtitle": "Russian"
        },{
          "icon": "ic_perm_identity_black_24dp",
          "title": "armandopzz",
          "subtitle": "Spanish (Latin America)"
        },{
          "icon": "ic_perm_identity_black_24dp",
          "title": "onedreamway",
          "subtitle": "Chinese Simplified"
        },{
          "icon": "ic_perm_identity_black_24dp",
          "title": "Jerome Greulich",
          "subtitle": "German"
        },{
          "icon": "ic_perm_identity_black_24dp",
          "title": "aleksmore91",
          "subtitle": "Spanish (Latin America)"
        },{
          "icon": "ic_perm_identity_black_24dp",
          "title": "Aleksei",
          "subtitle": "Russian"
        },{
          "icon": "ic_perm_identity_black_24dp",
          "title": "rustystar.cy",
          "subtitle": "Chinese Simplified"
        },{
          "icon": "ic_perm_identity_black_24dp",
          "title": "Daniel Bretzigheimer",
          "subtitle": "German"
        },{
          "icon": "ic_perm_identity_black_24dp",
          "title": "TuksiD",
          "subtitle": "Croatian"
        },{
          "icon": "ic_perm_identity_black_24dp",
          "title": "Cruzitomau",
          "subtitle": "Spanish (Latin America)"
        },{
          "icon": "ic_perm_identity_black_24dp",
          "title": "Daniel",
          "subtitle": "Portuguese (Portugal)"
        },{
          "icon": "ic_perm_identity_black_24dp",
          "title": "Eduardo.c.e",
          "subtitle": "Spanish (Latin America)"
        },{
          "icon": "ic_perm_identity_black_24dp",
          "title": "Boris.ochagov",
          "subtitle": "Russian"
        },{
          "icon": "ic_perm_identity_black_24dp",
          "title": "Sidneylc",
          "subtitle": "Spanish (Latin America)"
        },{
          "icon": "ic_perm_identity_black_24dp",
          "title": "ORO8ORO",
          "subtitle": "Portuguese (Brazil)"
        },{
          "icon": "ic_perm_identity_black_24dp",
          "title": "Samo Bereznanin",
          "subtitle": "Slovak"
        },{
          "icon": "ic_perm_identity_black_24dp",
          "title": "Altamirano Josemaria",
          "subtitle": "Spanish (Latin America)"
        },{
          "icon": "ic_perm_identity_black_24dp",
          "title": "Gycarrizales",
          "subtitle": "Spanish (Latin America)"
        },{
          "icon": "ic_perm_identity_black_24dp",
          "title": "Alexei Guleac",
          "subtitle": "Russian"
        },{
          "icon": "ic_perm_identity_black_24dp",
          "title": "e_netu",
          "subtitle": "Romanian"
        },{
          "icon": "ic_perm_identity_black_24dp",
          "title": "Filipaanog",
          "subtitle": "Portuguese (Portugal)"
        },{
          "icon": "ic_perm_identity_black_24dp",
          "title": "Federicocp",
          "subtitle": "Spanish (Latin America)"
        },{
          "icon": "ic_perm_identity_black_24dp",
          "title": "Hellohat",
          "subtitle": "French"
        },{
          "icon": "ic_perm_identity_black_24dp",
          "title": "Yaya0312",
          "subtitle": "French"
        },{
          "icon": "ic_perm_identity_black_24dp",
          "title": "herotux",
          "subtitle": "Persian"
        },{
          "icon": "ic_perm_identity_black_24dp",
          "title": "heyarne",
          "subtitle": "German"
        },{
          "icon": "ic_perm_identity_black_24dp",
          "title": "SotirisFtiakas",
          "subtitle": "Greek"
        },{
          "icon": "ic_perm_identity_black_24dp",
          "title": "CedArctic",
          "subtitle": "Greek"
        },{
          "icon": "ic_perm_identity_black_24dp",
          "title": "FoseFx",
          "subtitle": "German"
        },{
          "icon": "ic_perm_identity_black_24dp",
          "title": "bendaf",
          "subtitle": "Hungarian"
        }
      ]
    }
  ]
}